mb_role	hemibrain_type	side	n
APL	APL	left	1
APL	APL	right	1
DAN	PAM01	left	20
DAN	PAM01	right	19
DAN	PAM02	left	8
DAN	PAM02	right	7
DAN	PAM03	left	4
DAN	PAM03	right	6
DAN	PAM04	left	16
DAN	PAM04	right	14
DAN	PAM05	left	9
DAN	PAM05	right	10
DAN	PAM06	left	15
DAN	PAM06	right	15
DAN	PAM07	left	8
DAN	PAM07	right	10
DAN	PAM08	left	20
DAN	PAM08	right	19
DAN	PAM09	left	6
DAN	PAM09	right	4
DAN	PAM10	left	6
DAN	PAM10	right	7
DAN	PAM11	left	8
DAN	PAM11	right	8
DAN	PAM12	left	10
DAN	PAM12	right	12
DAN	PAM13	left	5
DAN	PAM13	right	6
DAN	PAM14	left	9
DAN	PAM14	right	8
DAN	PAM15	left	2
DAN	PAM15	right	2
DAN	PPL101	left	1
DAN	PPL101	right	1
DAN	PPL102	left	1
DAN	PPL102	right	1
DAN	PPL103	left	1
DAN	PPL103	right	1
DAN	PPL104	left	1
DAN	PPL104	right	1
DAN	PPL105	left	1
DAN	PPL105	right	1
DAN	PPL106	left	1
DAN	PPL106	right	1
DAN	PPL107	left	1
DAN	PPL107	right	1
DAN	PPL201	left	1
DAN	PPL201	right	1
DAN	PPL202	left	1
DAN	PPL202	right	1
DAN	PPL203	left	1
DAN	PPL203	right	1
DAN		left	8
DAN		right	5
Kenyon_Cell	KCa'b'-ap1	left	148
Kenyon_Cell	KCa'b'-ap1	right	132
Kenyon_Cell	KCa'b'-ap2	left	138
Kenyon_Cell	KCa'b'-ap2	right	160
Kenyon_Cell	KCa'b'-m	left	164
Kenyon_Cell	KCa'b'-m	right	174
Kenyon_Cell	KCab-c	left	190
Kenyon_Cell	KCab-c	right	213
Kenyon_Cell	KCab-m	left	343
Kenyon_Cell	KCab-m	right	276
Kenyon_Cell	KCab-p	left	67
Kenyon_Cell	KCab-p	right	61
Kenyon_Cell	KCab-s	left	311
Kenyon_Cell	KCab-s	right	310
Kenyon_Cell	KCg-d	left	147
Kenyon_Cell	KCg-d	right	148
Kenyon_Cell	KCg-m	left	1069
Kenyon_Cell	KCg-m	right	1121
Kenyon_Cell	KCg-s1	left	1
Kenyon_Cell	KCg-s1	right	1
Kenyon_Cell	KCg-s2	left	1
Kenyon_Cell	KCg-s2	right	1
Kenyon_Cell	KCg-s3	left	1
MBON	MBON01	left	1
MBON	MBON01	right	1
MBON	MBON02	left	1
MBON	MBON02	right	1
MBON	MBON03	left	1
MBON	MBON03	right	1
MBON	MBON04	left	1
MBON	MBON04	right	1
MBON	MBON05	left	1
MBON	MBON05	right	1
MBON	MBON06	left	1
MBON	MBON06	right	1
MBON	MBON07	left	2
MBON	MBON07	right	2
MBON	MBON09	left	2
MBON	MBON09	right	2
MBON	MBON10	left	4
MBON	MBON10	right	5
MBON	MBON11	left	1
MBON	MBON11	right	1
MBON	MBON12	left	2
MBON	MBON12	right	2
MBON	MBON13	left	1
MBON	MBON13	right	1
MBON	MBON14	left	2
MBON	MBON14	right	2
MBON	MBON15	left	2
MBON	MBON15	right	2
MBON	MBON15-like	left	3
MBON	MBON15-like	right	2
MBON	MBON16	left	1
MBON	MBON16	right	1
MBON	MBON17	left	1
MBON	MBON17	right	1
MBON	MBON17-like	left	1
MBON	MBON17-like	right	1
MBON	MBON18	left	1
MBON	MBON18	right	1
MBON	MBON19	left	2
MBON	MBON19	right	2
MBON	MBON20	left	1
MBON	MBON20	right	1
MBON	MBON21	left	1
MBON	MBON21	right	1
MBON	MBON22	left	1
MBON	MBON22	right	1
MBON	MBON23	left	1
MBON	MBON23	right	1
MBON	MBON24	left	1
MBON	MBON24	right	1
MBON	MBON25,MBON34	left	3
MBON	MBON25,MBON34	right	3
MBON	MBON26	left	1
MBON	MBON26	right	1
MBON	MBON27	left	1
MBON	MBON27	right	1
MBON	MBON28	left	1
MBON	MBON28	right	1
MBON	MBON29	left	1
MBON	MBON29	right	1
MBON	MBON30	left	1
MBON	MBON30	right	1
MBON	MBON31	left	1
MBON	MBON31	right	1
MBON	MBON32	left	1
MBON	MBON32	right	1
MBON	MBON33	left	1
MBON	MBON33	right	1
MBON	MBON35	left	1
MBON	MBON35	right	1
MBON		left	1
PN	DA1_lPN	left	8
PN	DA1_lPN	right	7
PN	DA1_vPN	left	1
PN	DA1_vPN	right	1
PN	DA2_lPN	left	5
PN	DA2_lPN	right	6
PN	DA3_adPN	left	2
PN	DA3_adPN	right	2
PN	DA4l_adPN	left	1
PN	DA4l_adPN	right	1
PN	DA4m_adPN	left	1
PN	DA4m_adPN	right	1
PN	DC1_adPN	left	1
PN	DC1_adPN	right	1
PN	DC2_adPN	left	2
PN	DC2_adPN	right	2
PN	DC3_adPN	left	3
PN	DC3_adPN	right	2
PN	DC4_adPN	left	1
PN	DC4_adPN	right	1
PN	DL1_adPN	left	2
PN	DL1_adPN	right	2
PN	DL2d_adPN	left	5
PN	DL2d_adPN	right	5
PN	DL2v_adPN	left	4
PN	DL2v_adPN	right	4
PN	DL3_lPN	left	3
PN	DL3_lPN	right	4
PN	DL4_adPN	left	1
PN	DL4_adPN	right	1
PN	DL5_adPN	left	1
PN	DL5_adPN	right	1
PN	DM1_lPN	left	1
PN	DM1_lPN	right	1
PN	DM2_lPN	left	2
PN	DM2_lPN	right	2
PN	DM3_adPN	left	1
PN	DM3_adPN	right	1
PN	DM4_adPN	left	1
PN	DM4_adPN	right	1
PN	DM4_vPN	left	1
PN	DM5_lPN	left	3
PN	DM5_lPN	right	2
PN	DM6_adPN	left	3
PN	DM6_adPN	right	3
PN	DP1l_adPN	left	1
PN	DP1l_adPN	right	1
PN	DP1l_vPN	right	1
PN	DP1m_adPN	left	1
PN	DP1m_adPN	right	1
PN	DP1m_vPN,M_vPNml56,M_vPNml58	left	2
PN	DP1m_vPN,M_vPNml56,M_vPNml58	right	3
PN	D_adPN	left	3
PN	D_adPN	right	3
PN	MZ_lvPN	left	1
PN	MZ_lvPN	right	1
PN	M_adPNm3	left	1
PN	M_adPNm3	right	1
PN	M_adPNm4	left	3
PN	M_adPNm4	right	2
PN	M_adPNm5	left	3
PN	M_adPNm5	right	4
PN	M_adPNm6	left	1
PN	M_adPNm6	right	1
PN	M_adPNm7	left	1
PN	M_adPNm7	right	1
PN	M_adPNm8	left	2
PN	M_adPNm8	right	2
PN	M_ilPNm90,M_ilPN8t91	left	1
PN	M_ilPNm90,M_ilPN8t91	right	1
PN	M_imPNl92	left	1
PN	M_imPNl92	right	1
PN	M_l2PN3t18	left	1
PN	M_l2PN3t18	right	2
PN	M_l2PNl20	left	1
PN	M_l2PNl20	right	1
PN	M_l2PNl21	left	1
PN	M_l2PNl22	left	1
PN	M_l2PNl22	right	1
PN	M_l2PNl23	left	1
PN	M_l2PNl23	right	1
PN	M_l2PNm14	left	1
PN	M_l2PNm14	right	1
PN	M_l2PNm15	left	1
PN	M_l2PNm15	right	1
PN	M_l2PNm16	left	2
PN	M_l2PNm16	right	2
PN	M_l2PNm17	left	1
PN	M_l2PNm17	right	1
PN	M_lPNm11A	left	2
PN	M_lPNm11A	right	1
PN	M_lPNm11C	left	1
PN	M_lPNm11C	right	1
PN	M_lPNm11D	left	4
PN	M_lPNm11D	right	4
PN	M_lPNm12,M_lPNm13	left	4
PN	M_lPNm12,M_lPNm13	right	4
PN	M_lv2PN9t49	left	1
PN	M_lv2PN9t49	right	1
PN	M_lvPNm24	left	2
PN	M_lvPNm24	right	2
PN	M_lvPNm25	left	2
PN	M_lvPNm25	right	3
PN	M_lvPNm26	left	2
PN	M_lvPNm26	right	1
PN	M_lvPNm27	left	1
PN	M_lvPNm27	right	1
PN	M_lvPNm28	left	1
PN	M_lvPNm28	right	1
PN	M_lvPNm29	left	1
PN	M_lvPNm29	right	1
PN	M_lvPNm31	left	1
PN	M_lvPNm31	right	1
PN	M_lvPNm32	left	1
PN	M_lvPNm32	right	1
PN	M_lvPNm33	left	1
PN	M_lvPNm33	right	1
PN	M_lvPNm34	left	1
PN	M_lvPNm34	right	1
PN	M_lvPNm37	left	1
PN	M_lvPNm38	left	1
PN	M_lvPNm38	right	1
PN	M_lvPNm39	left	1
PN	M_lvPNm39	right	1
PN	M_lvPNm40	right	1
PN	M_lvPNm41	right	2
PN	M_lvPNm43	right	2
PN	M_lvPNm45	left	1
PN	M_lvPNm45	right	1
PN	M_lvPNm46	left	1
PN	M_lvPNm46	right	2
PN	M_lvPNm48	right	1
PN	M_smPN6t2	left	1
PN	M_smPN6t2	right	1
PN	M_smPNm1	left	1
PN	M_smPNm1	right	1
PN	M_spPN4t9	left	1
PN	M_spPN4t9	right	1
PN	M_spPN5t10	left	1
PN	M_spPN5t10	right	2
PN	M_vPNml50	left	2
PN	M_vPNml50	right	2
PN	M_vPNml51	left	1
PN	M_vPNml51	right	1
PN	M_vPNml53	right	1
PN	M_vPNml54	right	1
PN	M_vPNml55	left	1
PN	M_vPNml55	right	1
PN	M_vPNml57	right	1
PN	M_vPNml60	left	1
PN	M_vPNml60	right	1
PN	M_vPNml62	left	1
PN	M_vPNml63,M_vPNml64,M_vPNml65	left	4
PN	M_vPNml63,M_vPNml64,M_vPNml65	right	6
PN	M_vPNml67	right	1
PN	M_vPNml68	left	1
PN	M_vPNml68	right	1
PN	M_vPNml72	left	3
PN	M_vPNml72	right	3
PN	M_vPNml85,M_vPNml88	right	1
PN	M_vPNml85,M_vPNml88,M_vPNml89	left	1
PN	VA1d_adPN	left	2
PN	VA1d_adPN	right	4
PN	VA1d_vPN	left	1
PN	VA1d_vPN	right	1
PN	VA1v_adPN	left	4
PN	VA1v_adPN	right	5
PN	VA1v_vPN	left	2
PN	VA1v_vPN	right	2
PN	VA2_adPN	left	1
PN	VA2_adPN	right	1
PN	VA3_adPN	left	2
PN	VA3_adPN	right	2
PN	VA4_lPN	left	1
PN	VA4_lPN	right	1
PN	VA5_lPN	left	3
PN	VA5_lPN	right	3
PN	VA6_adPN	left	1
PN	VA6_adPN	right	1
PN	VA7l_adPN	left	1
PN	VA7l_adPN	right	1
PN	VA7m_lPN	left	3
PN	VA7m_lPN	right	3
PN	VC1_lPN	left	1
PN	VC1_lPN	right	1
PN	VC2_lPN	left	1
PN	VC2_lPN	right	1
PN	VC3l_adPN	left	4
PN	VC3l_adPN	right	4
PN	VC3m_lvPN	left	3
PN	VC3m_lvPN	right	2
PN	VC4_adPN	left	3
PN	VC4_adPN	right	2
PN	VC5_adPN	left	1
PN	VC5_adPN	right	1
PN	VC5_lvPN	left	1
PN	VC5_lvPN	right	1
PN	VL1_ilPN	left	1
PN	VL1_ilPN	right	1
PN	VL1_vPN	left	1
PN	VL1_vPN	right	1
PN	VL2a_adPN	left	1
PN	VL2a_adPN	right	1
PN	VL2a_vPN	left	2
PN	VL2p_adPN	left	1
PN	VL2p_adPN	right	1
PN	VL2p_vPN	left	1
PN	VM1_lPN	left	2
PN	VM1_lPN	right	2
PN	VM2_adPN	left	2
PN	VM2_adPN	right	2
PN	VM3_adPN	left	2
PN	VM3_adPN	right	2
PN	VM4_adPN	left	1
PN	VM4_adPN	right	1
PN	VM4_lvPN	left	2
PN	VM4_lvPN	right	3
PN	VM5d_adPN	left	4
PN	VM5d_adPN	right	5
PN	VM5v_adPN	left	3
PN	VM5v_adPN	right	3
PN	VM7d_adPN	left	2
PN	VM7d_adPN	right	3
PN	VM7v_adPN	left	2
PN	VM7v_adPN	right	2
PN	VP1d+VP4_l2PN1	left	1
PN	VP1d+VP4_l2PN1	right	1
PN	VP1d+VP4_l2PN2	left	1
PN	VP1d+VP4_l2PN2	right	1
PN	VP1d_il2PN	left	1
PN	VP1d_il2PN	right	1
PN	VP1l+VP3_ilPN	left	1
PN	VP1l+VP3_ilPN	right	1
PN	VP1m+VP2_lvPN1	left	1
PN	VP1m+VP2_lvPN1	right	1
PN	VP1m+VP2_lvPN2	left	2
PN	VP1m+VP2_lvPN2	right	3
PN	VP1m+VP5_ilPN	left	1
PN	VP1m+VP5_ilPN	right	1
PN	VP1m+_lvPN	left	2
PN	VP1m+_lvPN	right	2
PN	VP1m_l2PN	left	1
PN	VP1m_l2PN	right	1
PN	VP2+VC5_l2PN	left	1
PN	VP2+Z_lvPN,Z_lvPNm1	left	3
PN	VP2+Z_lvPN,Z_lvPNm1	right	2
PN	VP2+_adPN	left	1
PN	VP2+_adPN	right	1
PN	VP2_adPN	left	1
PN	VP2_adPN	right	1
PN	VP3+VP1l_ivPN	left	1
PN	VP3+VP1l_ivPN	right	1
PN	VP3+_vPN	left	1
PN	VP3+_vPN	right	1
PN	VP4+VL1_l2PN	left	1
PN	VP4+VL1_l2PN	right	1
PN	VP4+_vPN	left	1
PN	VP4+_vPN	right	1
PN	VP4_vPN	left	1
PN	VP4_vPN	right	1
PN	VP5+Z_adPN	left	1
PN	VP5+Z_adPN	right	1
PN	VP5+_l2PN,VP5+VP2_l2PN	right	1
PN	V_ilPN	left	1
PN	V_ilPN	right	1
PN	V_l2PN	left	1
PN	V_l2PN	right	1
PN	hb519236349	left	2
PN	hb519236349	right	2
PN		left	18
PN		right	11
