flyid,sugarR_100Hz,sugarR_140Hz,sugarR_180Hz,sugarR_200Hz,sugarR_20Hz,sugarR_60Hz
720575940605420902,0.0,0.03333333333333333,0.23333333333333334,0.7666666666666667,0.0,0.0
720575940605513649,3.5,4.466666666666667,5.733333333333333,6.066666666666666,0.0,1.6333333333333333
720575940605658033,19.333333333333332,22.233333333333334,24.066666666666666,25.5,0.0,9.466666666666667
720575940605682790,11.4,14.0,17.033333333333335,18.466666666666665,0.0,4.6
720575940606391218,0.06666666666666667,0.3333333333333333,1.1,1.3,0.0,0.0
720575940606607234,14.666666666666666,17.133333333333333,17.9,18.733333333333334,0.0,7.733333333333333
720575940606852018,0.2,0.7333333333333333,1.7666666666666666,2.5,0.0,0.03333333333333333
720575940606866377,52.06666666666667,68.2,79.9,85.56666666666666,0.03333333333333333,29.0
720575940607193986,29.133333333333333,37.4,42.6,45.266666666666666,0.0,14.733333333333333
720575940607250610,0.16666666666666666,0.03333333333333333,0.0,0.0,0.0,0.9
720575940607272649,41.766666666666666,54.733333333333334,64.33333333333333,69.83333333333333,0.0,20.933333333333334
720575940607386290,13.366666666666667,22.766666666666666,30.9,33.766666666666666,0.0,3.3666666666666667
720575940607387314,0.0,0.0,0.13333333333333333,0.06666666666666667,0.0,0.0
720575940607451081,28.233333333333334,32.43333333333333,36.8,37.9,0.26666666666666666,15.933333333333334
720575940607689394,3.2666666666666666,7.066666666666666,12.633333333333333,15.3,0.0,0.16666666666666666
720575940608188427,0.0,0.03333333333333333,0.16666666666666666,0.16666666666666666,0.0,0.0
720575940608349379,3.5,4.833333333333333,6.8,7.133333333333334,0.0,1.5
720575940608498780,17.533333333333335,24.0,29.4,32.56666666666667,0.0,7.133333333333334
720575940608735241,14.6,20.733333333333334,26.566666666666666,29.866666666666667,0.0,5.233333333333333
720575940609016843,3.5,4.766666666666667,6.333333333333333,6.666666666666667,0.0,1.4666666666666666
720575940609133269,10.566666666666666,17.766666666666666,25.2,28.3,0.0,2.033333333333333
720575940609405635,15.4,23.633333333333333,30.666666666666668,34.96666666666667,0.0,3.7666666666666666
720575940609407939,33.0,39.96666666666667,45.63333333333333,48.9,0.0,16.533333333333335
720575940609915204,22.966666666666665,32.46666666666667,39.46666666666667,42.96666666666667,0.0,8.7
720575940609935172,13.0,16.533333333333335,17.733333333333334,19.266666666666666,0.0,6.166666666666667
720575940609939780,12.466666666666667,17.0,20.666666666666668,23.5,0.0,2.033333333333333
720575940609993284,19.466666666666665,22.1,23.633333333333333,24.633333333333333,0.0,8.266666666666667
720575940610000964,12.733333333333333,19.5,24.933333333333334,27.133333333333333,0.0,2.8333333333333335
720575940610001220,4.6,5.566666666666666,10.066666666666666,12.1,0.0,2.7333333333333334
720575940610054980,50.93333333333333,66.13333333333334,78.6,84.06666666666666,0.0,18.933333333333334
720575940610058052,0.0,0.06666666666666667,0.16666666666666666,0.5333333333333333,0.0,0.03333333333333333
720575940610173048,0.26666666666666666,0.2,0.06666666666666667,0.03333333333333333,0.0,0.06666666666666667
720575940610232274,6.333333333333333,9.7,14.2,16.366666666666667,0.0,0.9333333333333333
720575940610258552,22.1,30.133333333333333,36.3,39.86666666666667,0.0,9.366666666666667
720575940610611246,6.466666666666667,10.1,13.433333333333334,14.933333333333334,0.0,1.4333333333333333
720575940610621026,3.7333333333333334,2.933333333333333,2.2666666666666666,2.5,0.0,3.033333333333333
720575940610677828,32.666666666666664,44.733333333333334,54.5,58.86666666666667,0.0,12.7
720575940610803554,18.433333333333334,28.833333333333332,36.166666666666664,39.833333333333336,0.0,4.8
720575940610916465,15.566666666666666,28.833333333333332,39.4,43.93333333333333,0.0,1.2666666666666666
720575940611015122,7.766666666666667,24.866666666666667,42.166666666666664,49.86666666666667,0.0,0.7333333333333333
720575940611151406,1.2333333333333334,5.966666666666667,10.933333333333334,13.733333333333333,0.0,0.03333333333333333
720575940611160930,21.9,28.266666666666666,33.56666666666667,36.833333333333336,0.0,7.933333333333334
720575940611164770,7.633333333333334,12.433333333333334,16.7,18.666666666666668,0.0,0.9333333333333333
720575940611366058,0.6333333333333333,2.966666666666667,9.4,12.366666666666667,0.0,0.0
720575940611436408,16.733333333333334,23.4,28.8,31.9,0.0,6.466666666666667
720575940611548878,27.833333333333332,38.53333333333333,49.233333333333334,52.86666666666667,0.0,9.966666666666667
720575940611549902,6.233333333333333,17.066666666666666,25.066666666666666,28.233333333333334,0.0,0.1
720575940611772083,0.06666666666666667,0.03333333333333333,0.0,0.0,0.0,0.0
720575940611875570,98.36666666666666,138.8,175.56666666666666,195.26666666666668,19.366666666666667,56.93333333333333
720575940611988197,1.3,2.2,5.666666666666667,8.133333333333333,0.0,0.06666666666666667
720575940612036837,35.6,36.4,35.8,36.1,1.0333333333333334,24.5
720575940612064113,46.93333333333333,63.13333333333333,74.93333333333334,80.53333333333333,0.0,24.366666666666667
720575940612154339,0.0,0.03333333333333333,0.26666666666666666,0.9,0.0,0.0
720575940612208858,8.6,11.166666666666666,13.3,14.366666666666667,0.0,2.1666666666666665
720575940612289010,3.2333333333333334,7.6,13.8,16.7,0.0,0.2
720575940612357618,10.733333333333333,11.9,12.666666666666666,12.366666666666667,0.0,5.2
720575940612364530,0.03333333333333333,0.0,0.0,0.0,0.0,0.3
720575940612423922,47.86666666666667,58.666666666666664,67.86666666666666,72.26666666666667,0.06666666666666667,28.733333333333334
720575940612479205,0.7,6.766666666666667,13.9,16.7,0.0,0.0
720575940612537061,1.6,3.0,4.266666666666667,5.4,0.0,0.5333333333333333
720575940612558061,21.9,27.4,31.766666666666666,35.233333333333334,0.0,10.966666666666667
720575940612574435,0.0,0.0,0.0,0.03333333333333333,0.0,0.0
720575940612603289,2.1666666666666665,1.8666666666666667,1.2333333333333334,1.3666666666666667,0.0,2.2333333333333334
720575940612611301,54.233333333333334,68.46666666666667,79.33333333333333,84.1,1.0666666666666667,32.3
720575940612648106,0.6333333333333333,10.266666666666667,23.5,29.2,0.0,0.0
720575940612670570,99.9,136.86666666666667,180.66666666666666,199.4,20.333333333333332,59.93333333333333
720575940612692633,44.43333333333333,52.766666666666666,59.2,62.733333333333334,0.06666666666666667,26.7
720575940612766515,3.5,4.766666666666667,6.466666666666667,6.833333333333333,0.0,1.4666666666666666
720575940612865814,0.0,0.06666666666666667,1.8,4.666666666666667,0.0,0.0
720575940612888178,24.266666666666666,32.06666666666667,37.46666666666667,41.5,0.0,11.1
720575940612906518,60.6,74.66666666666667,84.16666666666667,88.46666666666667,0.5,37.63333333333333
720575940612952557,6.9,11.833333333333334,18.3,20.8,0.0,0.7
720575940613004402,13.6,18.933333333333334,25.0,27.366666666666667,0.0,5.0
720575940613347299,21.733333333333334,27.533333333333335,31.633333333333333,34.53333333333333,0.0,10.5
720575940613589167,0.0,0.0,0.0,0.03333333333333333,0.0,0.0
720575940613670893,10.966666666666667,17.9,24.2,27.366666666666667,0.0,2.2
720575940613687789,23.6,33.1,42.3,46.666666666666664,0.0,7.566666666666666
720575940613743569,2.1333333333333333,3.6,2.3,2.8333333333333335,0.0,0.8666666666666667
720575940613929391,16.8,26.3,35.266666666666666,39.166666666666664,0.0,5.966666666666667
720575940613943215,10.566666666666666,17.666666666666668,24.033333333333335,26.866666666666667,0.0,2.2
720575940614128691,18.533333333333335,26.4,27.7,28.433333333333334,0.0,2.4
720575940614187006,0.0,0.0,0.0,0.0,0.0,0.13333333333333333
720575940614352278,0.06666666666666667,0.0,0.0,0.0,0.0,0.9333333333333333
720575940614386070,0.23333333333333334,0.43333333333333335,0.5,0.5333333333333333,0.0,0.16666666666666666
720575940614465478,0.0,0.0,0.06666666666666667,0.03333333333333333,0.0,0.0
720575940614660519,7.566666666666666,17.2,26.066666666666666,30.833333333333332,0.0,0.3
720575940614730914,18.466666666666665,15.166666666666666,12.8,11.6,0.0,10.766666666666667
720575940614763666,61.766666666666666,76.5,88.43333333333334,94.43333333333334,9.4,44.63333333333333
720575940614909506,2.7333333333333334,1.6666666666666667,0.7666666666666667,0.4666666666666667,0.0,3.4
720575940615036319,0.0,0.03333333333333333,0.03333333333333333,0.06666666666666667,0.0,0.0
720575940615041430,95.73333333333333,109.76666666666667,120.33333333333333,125.2,2.2,62.5
720575940615052812,7.533333333333333,12.7,16.966666666666665,19.4,0.0,0.7333333333333333
720575940615153494,3.433333333333333,4.466666666666667,5.5,5.966666666666667,0.0,1.0
720575940615296818,16.333333333333332,23.0,29.233333333333334,32.06666666666667,0.0,6.066666666666666
720575940615564959,2.3666666666666667,3.9,5.033333333333333,6.066666666666666,0.0,0.8333333333333334
720575940615582111,0.6333333333333333,2.4,5.366666666666666,6.6,0.0,0.03333333333333333
720575940615623867,3.2,5.166666666666667,6.8,7.966666666666667,0.0,1.3
720575940615671106,62.3,77.33333333333333,88.23333333333333,93.66666666666667,0.0,32.53333333333333
720575940615715003,4.933333333333334,3.6666666666666665,2.6666666666666665,1.8666666666666667,0.0,5.166666666666667
720575940615811670,2.6666666666666665,4.3,8.666666666666666,10.766666666666667,0.0,0.8
720575940616018956,57.06666666666667,71.36666666666666,82.16666666666667,87.03333333333333,0.0,26.533333333333335
720575940616103218,57.7,74.4,87.1,93.03333333333333,0.23333333333333334,34.6
720575940616466260,37.13333333333333,47.9,55.6,60.266666666666666,0.0,16.533333333333335
720575940616644411,15.1,21.533333333333335,27.133333333333333,30.066666666666666,0.0,7.3
720575940616857174,32.9,42.13333333333333,50.3,55.166666666666664,0.0,15.9
720575940616860758,0.6,1.4,2.6666666666666665,4.0,0.0,0.1
720575940616864086,26.033333333333335,31.133333333333333,35.53333333333333,37.766666666666666,0.0,12.666666666666666
720575940616864217,33.2,43.233333333333334,49.96666666666667,53.56666666666667,0.0,14.133333333333333
720575940616885538,97.33333333333333,138.9,174.43333333333334,198.0,20.133333333333333,59.766666666666666
720575940617000768,95.26666666666667,131.6,169.4,196.93333333333334,19.333333333333332,59.1
720575940617373268,0.0,1.0333333333333334,5.733333333333333,8.866666666666667,0.0,0.0
720575940617471133,1.6,0.5,0.0,0.0,0.0,3.966666666666667
720575940617488477,7.066666666666666,9.433333333333334,12.6,13.633333333333333,0.0,1.6333333333333333
720575940617494877,6.733333333333333,10.3,15.466666666666667,17.633333333333333,0.0,0.7
720575940617497437,0.3,0.0,0.03333333333333333,0.0,0.0,0.3333333333333333
720575940617552057,28.666666666666668,38.166666666666664,45.13333333333333,48.56666666666667,0.0,12.366666666666667
720575940617588258,29.333333333333332,34.766666666666666,38.1,41.06666666666667,0.0,16.2
720575940617593233,42.0,56.833333333333336,68.43333333333334,74.03333333333333,0.0,19.133333333333333
720575940617629841,32.233333333333334,44.13333333333333,52.63333333333333,57.96666666666667,0.0,14.866666666666667
720575940617672920,0.06666666666666667,0.3333333333333333,1.1,1.3,0.0,0.0
720575940617937543,99.03333333333333,138.2,175.0,198.0,19.066666666666666,61.4
720575940618153105,0.06666666666666667,0.3333333333333333,1.1,1.3333333333333333,0.0,0.0
720575940618165019,86.8,106.0,119.96666666666667,126.9,0.0,40.2
720575940618291520,0.0,0.03333333333333333,0.03333333333333333,0.03333333333333333,0.0,0.0
720575940618472261,37.233333333333334,48.1,58.833333333333336,63.3,0.0,14.833333333333334
720575940618574749,33.96666666666667,35.5,39.666666666666664,39.03333333333333,0.0,19.3
720575940618696989,14.633333333333333,29.3,40.63333333333333,45.86666666666667,0.0,1.7
720575940618726171,4.833333333333333,10.033333333333333,18.4,22.533333333333335,0.0,2.466666666666667
720575940618800064,0.4,0.5333333333333333,0.06666666666666667,0.36666666666666664,0.0,0.1
720575940618859480,0.6333333333333333,9.1,18.4,22.4,0.0,0.0
720575940618864725,4.0,3.933333333333333,4.3,5.566666666666666,0.0,0.7
720575940618995393,3.5,4.766666666666667,6.466666666666667,6.833333333333333,0.0,1.5
720575940619048827,50.266666666666666,62.96666666666667,74.03333333333333,79.13333333333334,0.0,19.933333333333334
720575940619114048,17.6,24.333333333333332,29.7,33.0,0.0,7.166666666666667
720575940619173534,12.1,15.9,18.7,20.633333333333333,0.0,5.233333333333333
720575940619176094,0.03333333333333333,0.36666666666666664,0.9333333333333333,1.3,0.0,0.0
720575940619455879,1.9333333333333333,1.9666666666666666,2.566666666666667,3.2,0.0,0.4
720575940619473624,23.033333333333335,28.033333333333335,34.5,37.9,0.0,11.0
720575940619588568,17.766666666666666,32.6,43.86666666666667,48.8,0.0,1.8666666666666667
720575940619853515,28.6,33.666666666666664,36.56666666666667,37.9,0.0,16.0
720575940619877396,58.833333333333336,72.16666666666667,82.73333333333333,88.23333333333333,0.0,31.6
720575940619973712,90.96666666666667,107.13333333333334,119.6,125.8,13.266666666666667,65.43333333333334
720575940620001360,0.0,0.0,0.03333333333333333,0.1,0.0,0.0
720575940620025620,20.533333333333335,27.9,33.766666666666666,36.766666666666666,0.0,7.7
720575940620031366,35.93333333333333,45.46666666666667,52.13333333333333,55.96666666666667,0.0,19.8
720575940620062288,2.7,4.433333333333334,6.466666666666667,7.6,0.0,1.2
720575940620170887,16.633333333333333,25.933333333333334,35.3,39.53333333333333,0.0,3.2
720575940620254087,13.366666666666667,17.666666666666668,22.766666666666666,24.366666666666667,0.0,5.066666666666666
720575940620271636,0.7666666666666667,0.6333333333333333,0.8333333333333334,1.1666666666666667,0.0,0.1
720575940620274085,70.53333333333333,81.36666666666666,90.46666666666667,93.4,0.0,43.8
720575940620282900,3.5,4.8,6.5,6.833333333333333,0.0,1.5
720575940620292116,0.4,2.1666666666666665,6.533333333333333,8.733333333333333,0.0,0.03333333333333333
720575940620297819,0.2,0.13333333333333333,0.0,0.0,0.0,0.5666666666666667
720575940620301588,0.03333333333333333,0.0,0.0,0.0,0.0,0.0
720575940620335269,43.13333333333333,55.2,66.66666666666667,72.43333333333334,0.0,16.133333333333333
720575940620374693,11.133333333333333,17.133333333333333,23.6,26.666666666666668,0.0,2.8666666666666667
720575940620473547,6.166666666666667,15.866666666666667,22.933333333333334,26.3,0.0,0.16666666666666666
720575940620474278,2.1666666666666665,4.266666666666667,10.0,13.2,0.0,0.5
720575940620673985,33.53333333333333,43.3,50.833333333333336,55.0,0.0,15.633333333333333
720575940620714150,7.833333333333333,5.466666666666667,4.466666666666667,4.4,0.0,5.9
720575940620780272,19.533333333333335,24.9,30.433333333333334,33.93333333333333,0.0,9.4
720575940620805046,5.4,9.133333333333333,12.333333333333334,14.066666666666666,0.0,2.0
720575940620873793,3.5,4.866666666666666,6.8,7.233333333333333,0.0,1.5
720575940620874757,69.83333333333333,91.03333333333333,107.4,115.2,12.1,44.93333333333333
720575940620900446,97.9,140.0,174.16666666666666,195.8,18.966666666666665,58.13333333333333
720575940621057702,3.8,7.766666666666667,14.933333333333334,18.666666666666668,0.0,0.3
720575940621261296,25.5,31.8,38.06666666666667,40.166666666666664,0.0,11.966666666666667
720575940621329328,0.0,0.03333333333333333,1.4666666666666666,3.6333333333333333,0.0,0.0
720575940621345012,0.0,0.23333333333333334,5.133333333333334,8.166666666666666,0.0,0.0
720575940621399899,34.1,45.266666666666666,52.63333333333333,56.93333333333333,0.0,15.2
720575940621422518,10.333333333333334,15.633333333333333,20.333333333333332,22.766666666666666,0.0,3.2666666666666666
720575940621468404,3.5,4.766666666666667,6.333333333333333,6.766666666666667,0.0,1.4666666666666666
720575940621502051,99.33333333333333,141.9,174.33333333333334,192.2,20.033333333333335,58.666666666666664
720575940621519130,1.9,1.5333333333333334,0.8,0.9,0.0,2.0
720575940621538142,22.1,30.033333333333335,36.96666666666667,40.666666666666664,0.0,8.233333333333333
720575940621573030,13.033333333333333,19.233333333333334,24.433333333333334,27.566666666666666,0.0,3.1333333333333333
720575940621573542,0.0,0.03333333333333333,0.16666666666666666,0.5666666666666667,0.0,0.0
720575940621577036,2.2333333333333334,6.466666666666667,12.066666666666666,14.966666666666667,0.0,0.0
720575940621586854,58.06666666666667,65.66666666666667,72.63333333333334,73.63333333333334,1.0333333333333334,41.0
720575940621754367,99.73333333333333,137.9,177.86666666666667,190.03333333333333,20.5,60.06666666666667
720575940621771041,3.8333333333333335,7.033333333333333,8.266666666666667,9.833333333333334,0.0,0.9666666666666667
720575940621902085,0.0,0.1,1.0,1.9666666666666666,0.0,0.0
720575940622027222,7.4,4.933333333333334,3.3,2.7666666666666666,0.0,6.166666666666667
720575940622147873,0.06666666666666667,0.13333333333333333,0.6,0.7,0.0,0.0
720575940622195625,0.0,0.0,0.0,0.03333333333333333,0.0,0.03333333333333333
720575940622235425,42.266666666666666,54.53333333333333,63.1,67.0,0.0,20.033333333333335
720575940622348156,16.166666666666668,20.633333333333333,24.233333333333334,25.7,0.0,6.566666666666666
720575940622474899,0.0,0.03333333333333333,1.1666666666666667,2.2666666666666666,0.0,0.0
720575940622552675,0.43333333333333335,0.4666666666666667,0.6333333333333333,1.1,0.0,0.0
720575940622612749,18.866666666666667,28.4,35.9,39.733333333333334,0.03333333333333333,7.233333333333333
720575940622624214,4.333333333333333,4.333333333333333,5.566666666666666,6.733333333333333,0.0,1.8333333333333333
720575940622695448,114.66666666666667,134.33333333333334,149.9,156.03333333333333,33.833333333333336,86.33333333333333
720575940622734106,0.03333333333333333,0.3,1.3666666666666667,2.6666666666666665,0.0,0.0
720575940622810153,31.566666666666666,41.86666666666667,49.36666666666667,52.7,0.0,12.566666666666666
720575940623072013,3.5,4.833333333333333,6.8,7.133333333333334,0.0,1.5
720575940623192781,15.766666666666667,21.666666666666668,27.666666666666668,30.766666666666666,0.0,5.533333333333333
720575940623209165,21.366666666666667,28.8,36.2,38.96666666666667,0.0,7.5
720575940623210445,40.53333333333333,58.1,71.16666666666667,77.86666666666666,1.0,20.266666666666666
720575940623211725,45.766666666666666,60.96666666666667,72.3,79.03333333333333,0.0,20.8
720575940623224555,0.0,0.0,0.9,1.8666666666666667,0.0,0.0
720575940623352063,68.2,80.1,87.26666666666667,91.7,1.0333333333333334,41.96666666666667
720575940623453959,22.2,25.833333333333332,29.0,31.133333333333333,0.0,11.566666666666666
720575940623478115,4.266666666666667,10.2,16.033333333333335,19.033333333333335,0.0,0.23333333333333334
720575940623578375,29.333333333333332,39.4,46.96666666666667,50.86666666666667,0.0,13.4
720575940623614442,0.0,0.0,0.03333333333333333,0.06666666666666667,0.0,0.0
720575940623637226,0.03333333333333333,0.0,0.0,0.0,0.0,0.43333333333333335
720575940623718380,0.0,0.0,0.0,0.03333333333333333,0.0,0.0
720575940623862015,0.0,0.03333333333333333,0.26666666666666666,0.9,0.0,0.0
720575940623886008,0.0,0.03333333333333333,0.26666666666666666,0.9,0.0,0.0
720575940624023188,18.533333333333335,24.866666666666667,29.6,32.86666666666667,0.0,7.9
720575940624084372,8.033333333333333,4.9,3.9,3.1666666666666665,0.0,4.4
720575940624163303,1.3666666666666667,1.1666666666666667,0.9333333333333333,1.0,0.0,0.8333333333333334
720575940624310857,2.2666666666666666,4.166666666666667,10.066666666666666,13.3,0.0,0.5
720575940624366845,0.5666666666666667,0.4,1.1333333333333333,2.033333333333333,0.0,0.13333333333333333
720575940624484796,38.56666666666667,48.833333333333336,57.63333333333333,62.4,0.0,18.433333333333334
720575940624600840,6.3,8.6,9.166666666666666,9.833333333333334,0.0,3.2666666666666666
720575940624623287,21.0,29.5,36.6,39.266666666666666,0.0,7.633333333333334
720575940624710653,0.0,0.0,0.03333333333333333,0.06666666666666667,0.0,0.0
720575940624897516,27.6,31.466666666666665,35.0,37.5,0.0,14.8
720575940624906483,19.233333333333334,27.8,34.43333333333333,38.43333333333333,0.0,7.233333333333333
720575940624963786,98.6,136.06666666666666,176.96666666666667,196.06666666666666,20.166666666666668,63.9
720575940624966840,20.6,28.166666666666668,36.8,40.56666666666667,0.0,7.7
720575940625045180,59.333333333333336,74.43333333333334,87.2,91.36666666666666,0.0,24.666666666666668
720575940625047484,34.733333333333334,45.333333333333336,53.96666666666667,59.13333333333333,0.0,18.266666666666666
720575940625102692,37.733333333333334,49.0,59.36666666666667,64.43333333333334,0.06666666666666667,22.5
720575940625164558,0.03333333333333333,0.26666666666666666,1.5,2.566666666666667,0.0,0.0
720575940625175054,48.03333333333333,61.13333333333333,68.73333333333333,71.56666666666666,0.0,19.066666666666666
720575940625178768,17.266666666666666,23.0,28.0,31.1,0.0,7.666666666666667
720575940625580988,26.166666666666668,36.56666666666667,45.53333333333333,48.766666666666666,0.0,10.266666666666667
720575940625612474,0.3,0.5333333333333333,0.6333333333333333,0.7333333333333333,0.0,0.1
720575940625641402,6.066666666666666,3.3666666666666667,2.566666666666667,2.466666666666667,0.0,4.933333333333334
720575940625705930,46.7,60.333333333333336,70.2,74.56666666666666,0.03333333333333333,25.1
720575940625737776,26.933333333333334,35.766666666666666,42.766666666666666,44.93333333333333,0.0,11.333333333333334
720575940625779075,0.0,0.03333333333333333,0.26666666666666666,0.9,0.0,0.0
720575940625814884,0.0,0.0,0.03333333333333333,0.0,0.0,0.0
720575940625852464,0.0,0.0,0.06666666666666667,0.06666666666666667,0.0,0.0
720575940625861660,29.233333333333334,37.63333333333333,44.03333333333333,47.96666666666667,0.0,15.033333333333333
720575940625867056,38.96666666666667,54.833333333333336,67.13333333333334,72.73333333333333,0.0,15.1
720575940625874992,46.13333333333333,60.03333333333333,72.7,78.16666666666667,0.0,19.433333333333334
720575940625875504,41.56666666666667,53.7,64.03333333333333,67.4,0.0,17.0
720575940626038714,6.533333333333333,4.933333333333334,3.0,2.0,0.0,4.266666666666667
720575940626159306,0.06666666666666667,0.3333333333333333,1.1,1.3333333333333333,0.0,0.0
720575940626163658,0.03333333333333333,0.06666666666666667,0.06666666666666667,0.03333333333333333,0.0,0.0
720575940626191306,77.86666666666666,95.93333333333334,108.8,115.3,9.833333333333334,53.333333333333336
720575940626256765,14.6,15.1,15.566666666666666,17.133333333333333,0.0,5.433333333333334
720575940626278974,6.766666666666667,10.7,13.466666666666667,15.733333333333333,0.0,2.1333333333333333
720575940626279742,23.033333333333335,33.0,41.733333333333334,47.0,0.0,13.0
720575940626289021,2.6666666666666665,6.833333333333333,14.5,18.166666666666668,0.0,0.13333333333333333
720575940626308697,14.0,22.666666666666668,29.4,33.06666666666667,0.0,1.0333333333333334
720575940626456081,0.0,0.0,0.0,0.03333333333333333,0.0,0.0
720575940626468178,0.03333333333333333,0.4666666666666667,1.7,2.6,0.0,0.0
720575940626478082,0.3333333333333333,0.5333333333333333,0.7666666666666667,1.0666666666666667,0.0,0.2
720575940626495746,19.733333333333334,30.933333333333334,39.36666666666667,43.166666666666664,0.0,5.533333333333333
720575940626626597,18.4,24.8,29.5,32.766666666666666,0.0,7.866666666666666
720575940626860421,0.3,0.3333333333333333,0.16666666666666666,0.13333333333333333,0.0,0.36666666666666664
720575940626968216,0.0,0.06666666666666667,2.1666666666666665,3.9,0.0,0.0
720575940626972056,5.733333333333333,22.766666666666666,35.3,40.766666666666666,0.0,0.0
720575940626993694,14.9,19.433333333333334,23.133333333333333,24.666666666666668,0.0,6.5
720575940626999464,2.933333333333333,6.7,12.4,15.3,0.0,0.13333333333333333
720575940627083294,7.033333333333333,15.366666666666667,24.566666666666666,28.033333333333335,0.0,0.6666666666666666
720575940627086594,14.466666666666667,19.966666666666665,23.133333333333333,25.066666666666666,0.0,5.866666666666666
720575940627107271,9.5,13.9,18.166666666666668,19.966666666666665,0.0,3.466666666666667
720575940627113544,0.0,0.0,0.0,0.1,0.0,0.0
720575940627383685,100.83333333333333,119.86666666666666,134.53333333333333,141.2,23.666666666666668,74.23333333333333
720575940627410451,24.433333333333334,28.333333333333332,31.1,32.233333333333334,0.0,14.966666666666667
720575940627446661,4.1,4.766666666666667,6.333333333333333,8.333333333333334,0.0,0.7
720575940627704392,0.03333333333333333,0.8666666666666667,5.033333333333333,8.366666666666667,0.0,0.0
720575940627779983,15.133333333333333,20.866666666666667,25.533333333333335,28.766666666666666,0.0,6.033333333333333
720575940627812168,5.933333333333334,8.733333333333333,15.366666666666667,18.1,0.0,4.033333333333333
720575940627814728,1.0666666666666667,1.5666666666666667,4.533333333333333,5.766666666666667,0.0,0.06666666666666667
720575940627819151,20.4,28.733333333333334,34.53333333333333,38.6,0.0,8.0
720575940627828296,2.966666666666667,7.466666666666667,13.633333333333333,16.833333333333332,0.0,0.06666666666666667
720575940627847752,30.966666666666665,40.5,47.03333333333333,49.5,0.0,15.533333333333333
720575940627949626,0.06666666666666667,0.3333333333333333,1.1,1.3,0.0,0.0
720575940628029180,0.0,0.0,0.03333333333333333,0.2,0.0,0.0
720575940628114684,44.8,60.5,73.2,78.73333333333333,0.4666666666666667,23.666666666666668
720575940628129129,0.06666666666666667,0.2,0.3,0.2,0.0,0.1
720575940628598121,58.43333333333333,73.2,85.33333333333333,90.33333333333333,0.0,24.866666666666667
720575940628630171,17.966666666666665,19.166666666666668,19.6,20.733333333333334,0.0,8.1
720575940628648809,35.43333333333333,46.233333333333334,54.86666666666667,58.43333333333333,0.0,16.233333333333334
720575940628676457,10.9,18.233333333333334,26.466666666666665,30.533333333333335,0.0,2.1333333333333333
720575940628695043,0.0,0.03333333333333333,0.26666666666666666,0.9,0.0,0.0
720575940628755815,42.53333333333333,53.9,62.0,66.53333333333333,0.06666666666666667,22.8
720575940628826128,31.266666666666666,35.666666666666664,39.333333333333336,40.3,0.0,18.233333333333334
720575940628853239,96.86666666666666,133.73333333333332,175.86666666666667,197.76666666666668,20.366666666666667,57.46666666666667
720575940628972048,32.166666666666664,42.43333333333333,50.5,54.0,0.1,19.366666666666667
720575940628995331,0.8,0.8666666666666667,1.3333333333333333,1.8666666666666667,0.0,0.1
720575940628997123,16.4,16.933333333333334,16.8,17.8,0.0,11.033333333333333
720575940628998659,8.533333333333333,14.2,21.6,25.966666666666665,0.0,2.8333333333333335
720575940629000783,12.1,16.8,21.566666666666666,23.566666666666666,0.0,3.966666666666667
720575940629176663,99.43333333333334,137.8,182.26666666666668,199.36666666666667,21.133333333333333,59.5
720575940629207963,13.2,20.266666666666666,27.1,30.7,0.0,2.9
720575940629239934,4.1,9.2,14.666666666666666,17.733333333333334,0.0,0.36666666666666664
720575940629377132,0.0,0.03333333333333333,0.26666666666666666,0.9,0.0,0.0
720575940629393207,0.0,0.03333333333333333,0.26666666666666666,0.9,0.0,0.0
720575940629421415,4.466666666666667,5.566666666666666,4.833333333333333,4.666666666666667,0.0,1.9666666666666666
720575940629508599,2.0,2.466666666666667,4.433333333333334,4.8,0.0,0.4
720575940629561347,18.333333333333332,22.066666666666666,25.6,27.0,0.0,9.533333333333333
720575940629623351,0.0,0.36666666666666664,4.7,8.833333333333334,0.0,0.0
720575940629664768,3.3666666666666667,8.166666666666666,11.833333333333334,13.5,0.0,0.43333333333333335
720575940629667639,0.0,0.03333333333333333,0.26666666666666666,0.9,0.0,0.0
720575940629744599,0.0,0.0,0.0,0.0,0.9666666666666667,0.1
720575940629778554,75.13333333333334,94.63333333333334,110.63333333333334,115.96666666666667,0.0,32.166666666666664
720575940629804158,0.6333333333333333,0.7666666666666667,1.3333333333333333,1.1,0.0,0.5
720575940629810748,42.03333333333333,52.666666666666664,61.2,66.3,0.0,20.433333333333334
720575940629812346,3.3666666666666667,7.466666666666667,10.633333333333333,12.133333333333333,0.0,0.43333333333333335
720575940629888530,102.83333333333333,122.2,139.03333333333333,146.23333333333332,30.4,75.36666666666666
720575940630034231,6.966666666666667,12.4,18.8,21.6,0.0,0.9333333333333333
720575940630044278,0.0,1.5666666666666667,7.933333333333334,10.533333333333333,0.0,0.0
720575940630094652,4.433333333333334,7.6,12.8,14.733333333333333,0.0,0.6
720575940630233916,99.23333333333333,139.03333333333333,169.23333333333332,190.8,20.3,60.03333333333333
720575940630291767,4.6,2.6,2.1,1.7,0.0,4.733333333333333
720575940630403031,0.0,0.03333333333333333,1.4,3.3333333333333335,0.0,0.0
720575940630461404,0.0,0.0,0.0,0.03333333333333333,0.0,0.0
720575940630488540,5.633333333333334,11.433333333333334,17.5,20.133333333333333,0.0,0.5333333333333333
720575940630548751,0.0,0.0,0.0,0.13333333333333333,0.0,0.0
720575940630579574,41.86666666666667,53.53333333333333,63.13333333333333,68.0,0.4,27.766666666666666
720575940630580854,0.16666666666666666,0.0,0.0,0.0,0.0,0.4666666666666667
720575940630664556,17.3,24.266666666666666,31.2,35.7,0.0,7.566666666666666
720575940630667372,25.666666666666668,34.56666666666667,42.8,46.833333333333336,0.0,10.1
720575940630674038,12.2,18.533333333333335,24.066666666666666,27.166666666666668,0.0,2.1333333333333333
720575940630683385,37.333333333333336,49.7,59.4,62.4,0.0,13.766666666666667
720575940630689644,0.0,0.0,0.5,1.3333333333333333,0.0,0.0
720575940630695798,1.0,0.7666666666666667,0.3,0.36666666666666664,0.0,0.5
720575940630771449,16.4,23.533333333333335,31.766666666666666,36.03333333333333,0.0,3.566666666666667
720575940630781433,6.8,6.266666666666667,3.8666666666666667,3.3,0.0,3.3666666666666667
720575940630797113,96.56666666666666,141.7,174.86666666666667,194.66666666666666,20.266666666666666,58.86666666666667
720575940630806267,18.9,26.0,32.56666666666667,35.06666666666667,0.0,6.8
720575940630820919,28.6,37.86666666666667,44.53333333333333,49.03333333333333,0.0,12.733333333333333
720575940630839371,0.16666666666666666,0.06666666666666667,0.23333333333333334,0.3333333333333333,0.0,0.23333333333333334
720575940630865724,46.4,58.0,68.13333333333334,72.73333333333333,0.0,23.066666666666666
720575940630868793,84.03333333333333,102.23333333333333,116.13333333333334,122.5,0.0,38.1
720575940630903291,0.0,0.03333333333333333,0.5,1.4,0.0,0.0
720575940630931999,4.033333333333333,7.4,11.533333333333333,12.866666666666667,0.0,1.5333333333333334
720575940630980559,8.533333333333333,9.466666666666667,11.0,12.833333333333334,0.0,1.8
720575940630996055,42.56666666666667,53.266666666666666,61.166666666666664,64.66666666666667,0.8,26.2
720575940631108303,3.6333333333333333,3.566666666666667,3.7333333333333334,3.3,0.0,2.0
720575940631168057,7.4,12.033333333333333,15.633333333333333,17.333333333333332,0.0,2.8333333333333335
720575940631267409,0.0,0.03333333333333333,0.26666666666666666,0.9,0.0,0.0
720575940631283267,18.633333333333333,20.466666666666665,20.733333333333334,20.833333333333332,0.0,10.966666666666667
720575940631340815,8.266666666666667,13.666666666666666,18.766666666666666,20.9,0.0,0.9
720575940631349335,43.46666666666667,59.13333333333333,70.7,76.13333333333334,0.0,18.733333333333334
720575940631406411,27.366666666666667,34.43333333333333,41.0,43.766666666666666,0.0,13.466666666666667
720575940631575327,0.0,0.03333333333333333,0.26666666666666666,0.9,0.0,0.0
720575940631629160,0.3333333333333333,0.7,0.9333333333333333,1.0,0.0,0.03333333333333333
720575940631662648,7.1,10.5,13.666666666666666,15.0,0.0,3.433333333333333
720575940631703608,27.2,38.2,46.63333333333333,50.766666666666666,1.1,17.2
720575940631714119,3.2333333333333334,10.066666666666666,15.666666666666666,18.633333333333333,0.0,0.6333333333333333
720575940631918649,58.56666666666667,70.1,78.53333333333333,82.2,0.0,30.4
720575940631959097,47.93333333333333,51.4,54.833333333333336,57.333333333333336,1.0333333333333334,28.6
720575940631967506,0.1,0.13333333333333333,0.23333333333333334,0.3333333333333333,0.0,0.03333333333333333
720575940631989352,0.23333333333333334,0.7666666666666667,1.0,1.7,0.0,0.03333333333333333
720575940631994728,3.2333333333333334,7.566666666666666,14.866666666666667,17.666666666666668,0.0,0.36666666666666664
720575940631997032,37.9,44.63333333333333,49.733333333333334,53.766666666666666,0.06666666666666667,22.9
720575940631999080,21.666666666666668,31.7,38.833333333333336,42.43333333333333,0.0,7.466666666666667
720575940632047890,62.833333333333336,74.9,85.0,89.16666666666667,1.0666666666666667,41.266666666666666
720575940632118156,55.03333333333333,68.93333333333334,81.0,86.16666666666667,0.0,22.733333333333334
720575940632134227,3.466666666666667,7.566666666666666,10.233333333333333,11.766666666666667,0.0,0.3
720575940632159519,11.3,13.933333333333334,16.266666666666666,17.8,0.0,5.7
720575940632252743,44.766666666666666,56.13333333333333,62.8,68.16666666666667,0.0,22.633333333333333
720575940632304711,15.0,22.2,28.433333333333334,31.333333333333332,0.0,5.466666666666667
720575940632307025,0.06666666666666667,0.3333333333333333,1.1,1.3,0.0,0.0
720575940632354641,0.0,0.0,0.2,0.36666666666666664,0.0,0.0
720575940632365905,21.533333333333335,32.43333333333333,40.2,43.7,0.0,6.5
720575940632425919,96.96666666666667,136.6,179.06666666666666,199.6,18.333333333333332,60.8
720575940632602532,30.733333333333334,41.93333333333333,53.233333333333334,58.266666666666666,0.0,11.433333333333334
720575940632648612,72.63333333333334,89.86666666666666,103.73333333333333,109.56666666666666,4.133333333333334,48.36666666666667
720575940632659404,0.3,0.8666666666666667,2.966666666666667,5.333333333333333,0.0,0.03333333333333333
720575940632722515,0.06666666666666667,0.3333333333333333,1.1,1.3333333333333333,0.0,0.0
720575940632722771,38.233333333333334,45.3,50.266666666666666,52.6,0.7666666666666667,20.766666666666666
720575940632889389,95.93333333333334,135.06666666666666,178.46666666666667,198.13333333333333,21.266666666666666,60.86666666666667
720575940632962786,4.866666666666666,2.8666666666666667,1.5333333333333334,1.2,0.0,2.3333333333333335
720575940633116256,3.433333333333333,4.633333333333334,6.1,6.533333333333333,0.0,1.4666666666666666
720575940633143833,100.96666666666667,136.53333333333333,176.63333333333333,196.6,20.066666666666666,57.4
720575940633185567,57.13333333333333,64.0,69.96666666666667,72.03333333333333,1.0333333333333334,40.03333333333333
720575940633277209,64.3,80.4,92.3,98.3,0.9333333333333333,40.1
720575940633293025,7.933333333333334,15.533333333333333,20.7,23.2,0.0,1.0666666666666667
720575940633308371,2.066666666666667,4.0,6.566666666666666,7.333333333333333,0.0,0.4
720575940633316563,5.033333333333333,11.3,18.166666666666668,22.033333333333335,0.0,0.5
720575940633373651,3.0,6.666666666666667,11.333333333333334,14.066666666666666,0.0,0.23333333333333334
720575940633434208,0.0,0.03333333333333333,0.26666666666666666,0.9,0.0,0.0
720575940633612698,24.666666666666668,35.666666666666664,44.833333333333336,48.766666666666666,0.0,6.2
720575940633674135,35.233333333333334,44.8,52.56666666666667,55.7,0.6,21.266666666666666
720575940634210155,2.8333333333333335,2.933333333333333,2.566666666666667,2.3,0.0,1.4333333333333333
720575940634301852,16.7,22.733333333333334,28.8,31.3,0.0,4.633333333333334
720575940634428058,3.4,4.533333333333333,5.933333333333334,6.3,0.0,1.4333333333333333
720575940634645600,48.7,62.63333333333333,75.0,79.96666666666667,0.0,19.1
720575940634756203,3.033333333333333,3.3,3.3333333333333335,3.3333333333333335,0.0,2.6
720575940634782359,0.0,0.0,0.03333333333333333,0.03333333333333333,0.0,0.0
720575940634825623,6.2,8.2,9.866666666666667,10.8,0.0,1.9666666666666666
720575940635055039,27.5,36.833333333333336,43.36666666666667,45.8,0.0,12.2
720575940635166571,0.26666666666666666,0.9333333333333333,0.8,0.6666666666666666,0.0,0.03333333333333333
720575940635179871,44.5,60.166666666666664,72.43333333333334,77.66666666666667,0.0,21.166666666666668
720575940635211115,2.2,4.8,10.3,13.433333333333334,0.0,0.5333333333333333
720575940635239672,17.066666666666666,26.066666666666666,35.4,39.36666666666667,0.0,3.8666666666666667
720575940635451546,4.233333333333333,9.2,14.2,16.066666666666666,0.0,0.23333333333333334
720575940635578303,29.0,37.06666666666667,43.56666666666667,46.6,0.0,14.533333333333333
720575940635611316,0.43333333333333335,1.5666666666666667,4.733333333333333,6.066666666666666,0.0,0.03333333333333333
720575940635771316,0.06666666666666667,0.3333333333333333,1.1,1.3,0.0,0.0
720575940635839077,0.7333333333333333,1.5333333333333334,1.9666666666666666,2.1333333333333333,0.8666666666666667,1.9
720575940636053678,50.43333333333333,62.0,71.73333333333333,75.9,5.966666666666667,33.36666666666667
720575940636165624,17.0,23.5,30.7,33.7,0.0,6.666666666666667
720575940636346487,0.6666666666666666,1.4333333333333333,3.0,4.933333333333334,0.0,0.0
720575940636654703,0.06666666666666667,0.3333333333333333,1.1,1.3333333333333333,0.0,0.0
720575940636809646,14.733333333333333,19.933333333333334,23.366666666666667,26.166666666666668,0.0,6.666666666666667
720575940636828334,0.9666666666666667,1.1333333333333333,1.5666666666666667,1.6666666666666667,1.0666666666666667,2.9
720575940636895406,11.866666666666667,18.833333333333332,27.3,31.833333333333332,0.0,2.7666666666666666
720575940637144944,7.833333333333333,8.6,9.433333333333334,10.366666666666667,0.0,5.733333333333333
720575940637360730,1.5,4.066666666666666,5.933333333333334,7.033333333333333,0.0,0.16666666666666666
720575940637568838,101.13333333333334,139.96666666666667,174.83333333333334,197.06666666666666,18.933333333333334,61.36666666666667
720575940637656286,3.2333333333333334,5.6,9.2,11.333333333333334,0.0,0.16666666666666666
720575940637790527,0.0,0.8,5.533333333333333,9.166666666666666,0.0,0.0
720575940637902938,0.0,0.03333333333333333,0.26666666666666666,0.9,0.0,0.0
720575940638088262,3.5,4.766666666666667,6.633333333333334,6.933333333333334,0.0,1.5
720575940638103349,75.36666666666666,93.86666666666666,108.76666666666667,115.53333333333333,7.5,46.8
720575940638181092,48.166666666666664,60.86666666666667,71.23333333333333,74.36666666666666,0.0,19.933333333333334
720575940638202345,101.53333333333333,135.26666666666668,176.93333333333334,193.56666666666666,19.066666666666666,60.63333333333333
720575940639170723,1.0666666666666667,1.7,1.9,2.3666666666666667,0.0,0.06666666666666667
720575940639198397,14.266666666666667,17.8,21.333333333333332,23.033333333333335,0.0,6.533333333333333
720575940639198653,96.7,140.43333333333334,173.73333333333332,197.56666666666666,20.0,60.63333333333333
720575940639285949,58.53333333333333,72.13333333333334,81.5,86.1,0.4,35.03333333333333
720575940639332736,99.7,136.36666666666667,174.63333333333333,196.73333333333332,20.666666666666668,59.833333333333336
720575940639425112,24.333333333333332,29.5,33.8,35.96666666666667,0.0,12.833333333333334
720575940639785379,0.0,0.26666666666666666,0.5,0.7,0.0,0.0
720575940639786915,18.033333333333335,26.7,34.63333333333333,38.7,0.0,4.166666666666667
720575940639813365,0.0,0.0,0.1,0.06666666666666667,0.0,0.0
720575940639972816,9.433333333333334,13.866666666666667,18.433333333333334,20.633333333333333,0.0,3.3666666666666667
720575940640649691,99.63333333333334,137.2,177.26666666666668,202.46666666666667,20.0,59.53333333333333
720575940640839120,4.166666666666667,9.533333333333333,16.3,18.9,0.0,0.4
720575940641366517,41.6,57.36666666666667,70.0,75.66666666666667,0.0,18.333333333333332
720575940641480949,18.5,16.2,11.833333333333334,9.633333333333333,0.0,14.1
720575940641585627,2.8,1.5,0.5,0.5,0.0,1.7333333333333334
720575940642335373,0.23333333333333334,5.366666666666666,12.366666666666667,15.6,0.0,0.0
720575940642428045,45.9,58.5,67.5,71.06666666666666,0.0,20.533333333333335
720575940643543496,0.03333333333333333,0.16666666666666666,0.7333333333333333,1.0666666666666667,0.0,0.0
720575940643551392,0.0,0.03333333333333333,0.26666666666666666,0.9,0.0,0.0
720575940643867296,47.2,54.46666666666667,60.56666666666667,62.86666666666667,0.0,21.9
720575940644438551,0.03333333333333333,0.03333333333333333,0.0,0.03333333333333333,0.0,0.06666666666666667
720575940644653348,29.066666666666666,36.13333333333333,42.36666666666667,46.0,0.0,14.033333333333333
720575940644666148,0.0,0.0,0.43333333333333335,0.9333333333333333,0.0,0.0
720575940644758308,6.933333333333334,4.333333333333333,2.533333333333333,2.1,0.0,6.166666666666667
720575940644968215,4.966666666666667,2.9,1.1333333333333333,0.8666666666666667,0.0,5.7
720575940645045527,2.4,4.566666666666666,8.066666666666666,10.6,0.0,0.6
720575940645047831,16.933333333333334,13.933333333333334,10.9,9.033333333333333,0.0,12.2
720575940645352814,4.9,2.8666666666666667,1.9333333333333333,1.2333333333333334,0.0,3.6
720575940645521262,49.3,56.333333333333336,60.166666666666664,62.6,0.0,29.066666666666666
720575940645866292,0.0,0.0,0.03333333333333333,0.06666666666666667,0.0,0.0
720575940647029044,14.466666666666667,16.666666666666668,18.366666666666667,19.733333333333334,0.0,7.633333333333334
720575940647030324,13.166666666666666,16.366666666666667,16.9,16.733333333333334,0.0,3.2
720575940647033396,18.333333333333332,31.2,40.56666666666667,45.06666666666667,0.0,2.1333333333333333
720575940647081860,0.06666666666666667,0.3333333333333333,1.1,1.3,0.0,0.0
720575940647228468,0.03333333333333333,0.0,0.0,0.0,0.0,0.3333333333333333
720575940647518340,27.1,36.56666666666667,43.63333333333333,47.1,0.0,10.733333333333333
720575940648864633,1.7666666666666666,4.833333333333333,8.433333333333334,10.8,0.0,0.4
720575940649829241,32.166666666666664,45.06666666666667,55.06666666666667,59.56666666666667,0.0,12.033333333333333
720575940652580086,78.6,94.8,107.33333333333333,113.13333333333334,7.6,53.166666666666664
720575940655011489,3.0,7.2,11.533333333333333,14.766666666666667,0.0,0.16666666666666666
720575940655013025,32.93333333333333,45.06666666666667,55.13333333333333,59.8,0.0,15.6
720575940655014049,54.93333333333333,75.73333333333333,91.9,99.83333333333333,8.0,32.36666666666667
720575940660219265,65.8,80.3,87.66666666666667,93.36666666666666,0.0,37.6
720575940660219521,0.0,0.0,0.0,0.0,0.0,0.03333333333333333
720575940660220289,0.6,1.9333333333333333,4.166666666666667,5.366666666666666,0.0,0.06666666666666667
720575940660223873,38.53333333333333,49.5,58.96666666666667,63.36666666666667,0.0,19.633333333333333
720575940660224641,0.0,0.36666666666666664,1.5333333333333334,2.2333333333333334,0.0,0.0
720575940660229505,28.966666666666665,38.43333333333333,45.0,47.46666666666667,0.0,11.633333333333333
